Dochód_miesięczny_PLN;Liczba_godzin_pracy_tygodniowo;Lata_doświadczenia_zawodowego
8063,804351025574;37,42560918048269;14,989223779464183
3620,8082238298666;42,0892711994518;11,300403618990023
5172,005043822483;29,75583620620455;14,62532807736161
4793,864444437996;35,05127805826925;17,38037926654189
7048,2903871391245;38,308529052233524;0,6037385977428382
4607,54247893454;47,51913251388132;6,087357289305036
3070,6386337658532;38,70895524343712;2,9889746987665733
2518,013765387527;39,22702179108788;2,723570980275765
5055,8491098065115;31,720864871508347;4,238322940324979
6905,451951167313;39,5322270684514;10,482742762999097
4785,08508255782;34,54959496176607;11,461401225185504
6192,8828218987765;43,89004087998215;14,433607266284671
4891,891286658162;50,844769585715184;10,566103123822204
3886,363991472509;42,93741073513538;9,852591765710901
6838,480915271266;34,49277892216911;11,39127916755675
1691,9178396677426;43,23811037945634;14,852165231718939
4204,043565234491;35,676970576221834;2,84368591561846
5252,321566193673;38,40422998888396;2,988826125446052
3546,73078651408;40,68955505838095;9,026876532291247
5464,481034858445;46,23662889597893;7,322514273198596
6410,161803134326;40,52580690510975;13,021383573494766
4754,914482315046;42,99328872354779;2,9214412651231942
4518,676532604359;40,332617325225094;5,1384135638045745
4394,853820323391;43,09295786323205;15,156414974734147
4003,8999199158666;39,48624231764593;17,26937239886124
4825,568819656955;46,140901459079956;11,16853760459898
4375,393270948552;32,83039961583935;16,54011991412139
4684,063168173747;36,19306817634908;13,808844029831674
8917,700036450251;34,43545906688887;12,960831013316565
3774,355826336977;36,53354610685693;3,819185004829265
5344,540181634658;35,10357577990197;5,45795927371578
5202,929576209766;42,47191703030731;6,183906749101178
8022,9642024200675;36,744991270460126;5,989808270080762
3524,6078129761445;39,817934983498944;3,117895117908933
4940,24018007185;37,32467015593608;2,2488364371556955
3935,0215959849756;36,215347238178495;9,168032855682068
5377,8553935562595;40,500974439085496;13,799447746866955
6515,0765812777245;33,45874512753315;8,562268392064508
3879,507888667422;34,55442854169669;8,295823458084048
4659,290053019771;31,67990538532233;7,809662494720246
6263,700904727214;36,49860060119013;10,71206876433993
4995,731999046186;39,62036299939019;8,502416126941206
5085,978901139294;45,799549307379536;-0,5026273678499429
3813,2678319026672;35,81748034713763;22,028577315233147
7267,261201373939;47,910522063361526;11,691090087569755
4356,194127870174;39,36410084631091;11,81620738382731
4577,7648070783625;42,16828068969594;11,566523642708447
4552,024238895415;40,84704245519087;12,121782168150007
6457,044326157062;42,862324211713116;10,914013344764333
6748,901217895967;49,149466138223886;12,021778418450456
4723,241418151567;47,09325531768404;22,711673005497566
5009,877776928766;35,111861108201786;8,104282899360072
5759,822428311129;37,90216590529611;9,252127849397834
5293,674186007485;42,14857168888346;5,826500013857256
6177,823966206761;34,68336070312171;6,128629360760734
6648,876233139694;41,955911741587514;16,074823687394396
4042,7618173679643;39,626070305478756;13,80308359248493
4661,283372019534;35,00319616012858;11,585538648283128
4922,163690508692;41,72201499177564;9,163905101631505
4263,446179665308;44,86840577417313;10,615232673658948
1631,0149699342164;35,28456617192321;7,329971599257248
3802,2336940375035;48,01297597835655;9,688359050115539
3785,9094270357728;41,18807886934299;12,496897622838937
5360,647006079233;39,359021598048685;6,943692354695619
5656,5436686023795;41,96161277715453;11,139889195951778
5453,245141439712;27,03553007353034;3,683520820871821
5415,218037809489;43,87645731528324;4,613489472931787
3631,5334275184923;41,32458387016532;11,803722679519291
2804,534412371027;37,71621389886543;8,711688015808004
6201,664989622775;41,68577487890084;13,909236449252507
2783,6046343809403;42,02466889386849;7,618226995931255
7940,429334376193;34,69526175099382;16,527227055194675
5437,997541465795;40,468469995982936;13,421560145669215
5172,354324326588;32,038537294500436;12,263847498565003
5583,942781772785;49,06903118038298;-2,2360085257334994
4307,224638998566;39,482711506010766;13,180757797212319
6083,031444218634;38,473794575765346;7,038594524997425
4799,935986340197;32,976459985818465;9,29627947734766
3743,0822424167704;38,17124883606522;4,406752834282173
5666,125949878592;39,513627147291636;8,643789647031095
9085,360236852264;41,3756824918531;11,676608332536773
3326,2623157412313;32,20555364176045;14,521406860650599
4658,368324979207;38,15606211318233;-0,9450614682219172
6997,569477884434;43,7328232596206;8,048803504920013
4261,781268601634;41,63976825709419;3,92071315214792
7038,569111002549;40,75048481237268;2,6595607627551123
6627,15898929474;43,356389492207;8,625975546892793
5023,424031529904;38,009893264688;14,37523202889763
4739,857624376724;35,999474344111576;4,958296919318776
6410,426060805254;37,2310557088849;7,676075153761689
3833,8036183442846;43,566558599778666;9,067007685883002
6141,344738547629;44,45347429512588;-0,444732224692558
7102,628918427901;40,02251131626017;7,199564521009915
6847,479999425648;35,07301915818244;3,256592390447546
6501,737181849281;39,10860539520243;8,179148994012499
3532,9226419002016;44,61906575641755;15,896989942439433
6016,93402878308;43,57272038189709;10,998593840735918
4895,803892840351;34,89372996081204;18,432671513307607
3413,958450274435;41,161494845212026;4,623848443682714
4789,818568552908;39,22541722651078;12,905786042314492
2849,757164142451;38,00003305899198;11,51186534579731
4731,378175698004;26,708064339099817;7,025273071351136
4815,436046578011;34,98285518379356;16,917149253921828
5807,2930692427;46,94641892679422;11,630446368064918
6598,217139624812;39,6432412577417;2,4773711961815215
2898,0197477113534;40,694440523202054;6,94067971940449
3008,5944042918245;39,51618870901766;10,993382473809055
1930,5261682274827;42,01557650206328;15,47304724015704
6257,800420087745;43,14074597919404;14,913975573260837
3969,6034199636315;42,839986280441025;9,659699052211828
4156,9802066149105;45,909903936083154;4,771367061614806
4933,567534240529;42,29352925177956;1,26507716006207
4992,89485610797;48,51887742889293;7,020613929492867
6026,278881131011;47,553137959057544;8,032450205643931
1759,5936812741666;40,09407393664675;13,909926386231108
4703,9610280878915;33,933931839588155;10,657893969107704
3151,2010003562864;34,20230055031568;16,68284752700139
7537,759456292399;35,01977953394723;16,068720688396507
5796,931680749606;40,910071547449895;12,164919966924323
5527,953259251085;33,70901646630659;13,877448048194832
8258,138152497246;39,945468629838004;16,015999078061302
4780,689632834879;46,10187784852225;7,5394643033034985
6344,292500011383;43,10039898921537;25,098347979761442
2808,19813121162;38,98300188699297;13,012279656036927
5302,1179806494365;39,70110194929335;11,138654974766832
8411,984010212305;34,43917464953435;12,634563000952355
5747,016257733624;41,849399339517845;9,241772339143452
3872,217500686364;41,214941587958414;8,705576161713147
3536,605941329408;32,721566498375466;7,377329332742049
2639,2004677951327;41,022978832344535;11,358564076536139
5665,4562203738915;41,18148782898037;5,562565019983904
6291,5774926196955;38,95671863720569;5,5176799553579166
5190,659257912416;35,9069949566094;9,015666789230535
3782,9800187173432;38,63967276761734;10,455988088790146
5362,730802555467;37,270727424515016;5,5634821468984255
3969,8857839980683;33,54304842983809;0,6590890777169527
6831,102056905649;46,20646071701643;9,619509253960937
4383,6964517297765;47,47667907735668;6,097015722270874
3675,8464373495435;38,892859219863176;12,401221316879045
4181,557265719532;42,544485566660555;10,160182517335619
5580,2002126840125;32,26132010925368;6,466463972436903
3154,263088174109;36,32945440550862;7,684225123471004
6000,5439666391585;39,691076078411385;4,132281269775158
4593,108304933308;35,41649921897329;12,72261972307189
5122,730257087327;48,74147196797094;3,491450130572849
4805,051215895177;43,05678977033746;11,849881408188736
8396,0882574116;40,62235790368965;9,574989471474018
4745,741948954974;31,172652230089827;6,381488682097939
6267,838138194555;35,93422131110947;6,267703669181198
8679,843491041851;38,866639237446854;11,254778524567907
5638,628447353334;38,783417735383544;-0,6234526253586576
7771,393787055709;35,2066908269098;18,361851293937832
5146,18213186563;38,20087135181955;6,41506051684212
6195,059953869425;39,10664895728228;7,325864493510681
4116,937885031539;30,72520206892017;11,787978062143917
3331,7316085445623;42,414101097833964;8,802305732333098
3546,843439143273;38,812925914707705;19,961629285460255
4963,767332080278;38,88257524524442;10,991023878973271
5428,607607514725;36,03594102416916;2,6848638519434154
3324,6453093317796;39,955998214501996;7,473354537280525
2932,4655050063157;39,43080702343139;14,3252593500375
2184,907819516077;34,193483213431875;3,4671020980833847
8190,06374338095;42,78987318302546;6,735922580307005
5161,389823943197;34,01792509854897;18,50700142773845
1782,097738446365;46,38051134035919;11,100992009844077
4986,36340544596;37,28574667260862;1,9119821976422564
4761,0937388969805;36,16195886938745;7,07091847791949
2934,2397985548478;29,80989240661644;11,73087384990638
6738,967320983185;35,81290955760084;18,962587990063945
4313,956313141883;49,03846368101765;5,670671329791592
5061,939887816031;43,36275749978125;10,097117555608449
4573,531510210431;37,9280890502628;8,76360518730614
5069,578119635074;40,095293962088306;5,084921192534471
6526,299406262478;43,127085471165614;3,7699148706901022
5908,505982514381;38,589837298636155;2,994057266301736
4322,1697583870555;44,37438363516691;-1,701931925086086
7363,232236815374;37,418488084881886;6,053749745588338
7310,289631649056;34,55067246742332;9,060610660004523
2805,1961014591357;40,6378690957976;9,879460101293304
3328,1757672286626;39,3023654149904;3,812818844735686
4083,2536569562585;32,212438349013645;12,222465350654076
7287,626334753611;42,12455910587907;17,232478377607826
4725,930198829528;39,19613003058659;6,8596308825829055
4142,118001896422;46,576196042423085;10,333818669316779
4949,009450739632;36,16885915811751;13,429578730269977
4663,785848492667;39,29031522856367;19,263534844734547
4766,032016489616;34,27863137798822;17,908456126778226
3395,5438243169733;42,709701753920335;10,47193921035737
3810,261881198712;39,69817381242182;6,6660223443481925
4599,258227292798;40,05790083915643;13,3302242637457
7072,363641122123;37,86987503548488;12,660193831846687
6933,741946217398;35,65333233231299;4,745961004549262
6373,530070887312;41,66052738041096;7,355407277075303
5544,989291625494;38,88384938238319;0,10503104139226238
1082,1866358951552;40,92959004258978;9,531746998684634
7670,551042115026;40,3777995351735;7,231459213781286
6677,018270465049;42,406280669263076;10,788809772751808
4446,020960014392;40,40277045404251;11,857182251273315
4027,4249430814216;39,059107771352345;12,268203409992473
5279,108040217113;33,44403762572163;15,681068513422264
5067,065071520043;39,5563779334367;12,063778927873342
3960,989922746458;47,56385056863007;10,373034077786443
7240,970788439428;42,868540867872504;17,36463300877332
4017,4198871906415;37,29498011880033;9,739052706873057
5374,8068136087795;40,505887451302016;8,332992660742294
3193,6227479017352;44,97275990222943;8,875135224268952
4617,0660612725305;40,09356515658434;7,410354882811854
6623,399239474114;41,278357528101246;4,766825978222496
5063,854467927641;36,4441138331248;14,92432918028196
4119,630003391306;45,51920962929918;9,502781183871205
2077,735785950979;43,74938011974506;18,70934439382863
4488,512987243677;36,54911140727925;15,656736039835035
4468,019538216347;36,919428294239495;17,815334957003156
6100,0188906613985;35,62259618067971;4,698962022545283
6983,328290205573;46,916994296570095;18,33465255939548
3172,143591935538;32,67870270857248;2,6051001958278563
6202,535827208493;33,54712847230891;0,47114754934919745
3546,8956277182106;34,31506085616291;11,776365814009512
6724,006749540527;30,918317098393114;6,276378009989562
4344,806686361952;29,703463514188478;10,65337966003302
5835,918627457575;32,11325242430215;14,643684241917477
7323,244206619998;39,095448184764635;9,453729753982767
2444,494734900021;53,165012279233125;11,789653600852102
5220,2878705563235;35,630732566809364;10,31027230751941
7366,0919696124965;42,313246085695;14,670647206182544
6168,682458938148;42,858598907121745;3,3912937681913933
8248,91203806344;37,11572546136393;9,056076528346724
4255,627900621797;38,10936060751657;12,725012874562225
6627,815698453576;39,062783893598464;15,973066675046567
6077,6602866462135;40,983599623935845;10,577739883563135
5075,882436273142;41,81076604445319;9,921659237036005
3481,5206629550557;31,06072942058851;10,409093472578222
5335,598544421967;45,61642197151446;11,564087114306803
7900,640152774997;51,15741989057838;7,4121015178846745
6874,821215904892;38,70398284551443;5,253345488889584
5732,624119110035;42,09852138035108;7,495403433438511
4259,1241344836035;41,82360014159552;11,79097395575222
2888,731222308523;37,508558428218194;6,541676127099549
4701,455225659486;44,26685217008949;13,543037895582179
3636,5193414172218;43,34932508213121;16,058311364582263
4466,135315535494;47,28745750819553;7,080145581033712
6653,94190399972;40,93359557398067;9,488365658772056
6837,861587174507;55,030257765748104;7,984193476928647
6630,7663374970425;40,35571355362186;9,612151274395348
5816,2313400218345;38,92251679054273;9,441870386340314
4205,305469115315;40,146617166887246;12,785613754997012
5658,497025277373;39,55506794868959;13,268110040374939
2409,9379082482064;40,621968402529546;10,587576939161359
6656,06908295167;40,3226636908787;3,8670225911255773
3350,9856244277144;38,85252796381184;11,422942960217645
7001,204823559767;34,75611407480898;8,329029089174679
4049,6830367392713;40,8476921886064;5,482635608027984
8349,671336517893;37,58806444008499;11,908033750300042
4604,213042800599;38,58474741214861;9,739602088355076
4826,454204437088;33,76351181808096;16,795148261243206
6143,600344865127;40,64157203448111;11,200988841524108
2987,2008216952445;42,239428912516864;7,448298141196036
5327,899638186177;36,51228010624701;17,019944189914508
3492,075392645397;40,827440285342846;15,049505518167852
6015,276129431388;38,31858361036491;7,658976403725622
5749,634560418701;39,17136731708418;9,048425527472087
5336,495304770625;36,62581080120708;11,137855600914294
6854,273493281427;36,69641625080209;11,648353977563088
5215,2455504719765;33,57127960074392;16,569674015052
1707,8503160360392;41,10229548812613;11,77262347896675
3870,1755434968336;32,74911300319838;18,378408930367232
3560,6276627530033;39,83175334640429;7,70052238889089
5995,078833607769;44,0968439285402;10,484347934247484
4696,460067012845;36,1132248783556;14,506041549483168
4035,456409355014;46,48548077923237;6,93533531132922
3779,821203870829;37,35070335941332;12,80379367561526
4487,573849090227;38,563740983904395;18,785282363804328
5632,760094892003;39,56834266108735;13,424898233245306
6334,2600249995885;41,66959385247336;9,0656088842124
5056,259450570284;41,50254802721244;7,9485132118979696
4335,681702712838;44,689959684910356;2,7781302234553307
5058,877073153287;37,66392964975803;9,73870751373619
3183,350564472218;49,742207058899616;21,225099094869684
4313,1158043902415;38,45627528133185;10,899308191881964
7142,919436320624;29,863719100785616;13,774312634642747
6608,306643024353;41,15114040342172;15,92802309902925
8354,69501785364;40,74410378740847;11,421684291918249
3900,1972062247796;56,46347160857982;7,946296749915566
8900,364027588908;37,48812643937063;12,182172565082881
4239,723135498399;44,68415395934429;16,295448974011514
4020,2713854998424;42,11189354712493;8,467873309889441
5445,496422297833;33,926923535248505;13,52393105655931
5736,955471164686;38,18323251335172;12,402925264183182
5291,360640808931;34,918122783415434;9,137159384715243
4883,637923961208;44,080772912175554;4,718059809020821
8092,739555806489;26,789675843501215;15,104199103548455
3203,0847407279052;35,00204987501368;14,63387648788783
3355,1760842505946;36,57851680630785;10,945877763975568
5319,256899855629;33,106899449110706;8,08898968644003
4854,041037856452;39,41668852168784;2,5912701860648717
5076,370173665304;37,495364012203225;16,189765078446833
8476,822286577873;46,52463654874012;2,11876133298726
7507,518680023253;34,14969691696085;5,589469060171657
5964,901590721621;42,136684898317476;18,616358067199627
3851,2017802270093;37,565616956252775;7,172593498318096
5382,655129982925;35,30015930779182;9,669867506136194
2387,2564738861183;40,96835664203045;4,159074545408618
3726,735738305996;39,34766737591424;6,685770846879571
6124,624578207545;48,182053928050955;13,86124291491327
3590,7886123433163;33,763415571997406;11,30361421378671
4078,9111591529936;42,277740056781596;21,011489877154943
5336,323075283956;43,937436601332685;6,155917312796776
593,8043836109118;45,27439395912748;10,016867618943584
5318,9436018050665;47,0144764343946;9,413369164521116
5470,281912954052;38,29842312352006;5,431575143602893
5851,7389384512835;36,16878579356251;11,633765288886233
7523,990301510734;43,955304074576446;9,279478897036311
4225,570181366857;37,15957923992804;3,8879182933213405
4691,217766429734;31,567811115604187;14,417421776377022
3821,0819951927556;48,9755332914776;6,7057805635847245
4068,672810146133;37,41462106380292;8,875977425393057
3916,543398074709;46,92678951748495;5,932068119604229
3920,9941934296357;37,56219640706745;4,381394624556606
2058,6971131343275;44,76912721826717;4,672331058331398
3287,437314037127;37,9363080140947;12,309550807794466
6193,814985601299;46,272830102778165;6,2480339445874735
4489,724960876064;44,90567892477327;11,738684727879258
4261,774726888119;52,8260194104212;11,327855034191014
4347,557160078191;42,4275069579317;14,139169481138751
5470,686952917254;31,840186174967357;3,565093690319989
3009,253939241922;30,08621179727909;11,594128307322968
6365,929827681203;43,59812537692083;5,718709139246176
1880,7707994512057;41,65338684236918;13,906973903596356
6526,681033393812;38,06006427281309;13,077278574175025
5640,011839281296;48,071839058259485;13,287854225458844
1911,380202698751;31,185547280823535;10,898518810957798
5129,8497323931115;38,50381591961548;-1,3918968040223678
5599,95309289034;38,591973368717646;3,0025685802799273
3208,7397347389715;37,54333218282704;13,818608164828222
4901,605270248727;40,53105496707224;6,988809734292215
2724,8972217152227;43,055219969985345;15,286730032377754
6301,815030514599;42,24114530917371;3,791436413618672
6056,053257344036;44,055253534969346;14,222169225791896
4978,755481474207;39,74753734608954;12,09548765973539
1172,9940117894612;34,841072407095815;12,704245268585973
4911,343070035743;42,911674791337745;10,713425397819051
4732,605051259609;44,22249278363395;5,034111393305746
3991,8033238025873;38,07529312396816;8,102646521318682
2813,3959012593687;33,224585279056875;12,976986202453109
3737,708923664442;43,15343758290157;5,544304026197543
4261,3578532520205;41,58555605973946;16,274504232031806
4841,811307797601;40,04770011006674;15,354703095257916
5988,059808305811;44,28415148902913;16,84058996839502
5941,639104868957;49,00992887010081;13,770210180540358
5304,058667509617;35,02380287096119;3,191050858568932
3457,0753076966785;56,05923735762524;11,074449253749059
5299,789244420352;39,16949374790727;13,833348295370156
5985,768251914174;48,88318247830112;7,13926650801427
6035,717331502579;38,32955343938723;5,336978969062735
6438,4274367964645;38,8573322185624;3,2684056012614207
1516,8991807679677;39,59454075130786;4,708229796264715
2835,2695826491736;31,364215145457294;11,541098083846185
4410,341685805597;42,21730009000184;10,631529468356838
6175,740375198418;36,4762037348386;17,373274642519032
6264,6619250625035;42,66245922709407;10,09932819180045
4058,7569769727934;42,294207412234904;9,233298315807067
8120,30800131373;43,034544306728215;12,713625085292806
2206,4753718049415;34,41560713678407;5,508784717662446
4512,219231667809;37,89735486691812;15,364170866621494
6037,7898690825805;37,958881721031716;14,60600384663055
4303,299213877785;44,57957532386064;4,770086654345928
3591,6252366317385;40,098913372293744;11,199424063883756
6818,508234826151;35,170225533527315;8,800063816326746
4804,159195765532;39,98430667079468;11,007632790115327
5318,46350947442;34,453618235953286;15,476868715552953
6801,93187328033;45,99698493118345;6,179271385506594
3800,8530231252953;35,415333183885004;4,704592896353979
5304,302570614939;38,374510388847355;14,854886138207121
4377,027238196667;36,72270156432279;-3,622743819538405
3202,4324156466823;45,20150622586543;10,131714388611917
6602,202409237768;35,765792518575765;10,15567826143138
5808,476966470789;39,89944969428328;9,106453349792528
5426,926151789721;45,24161414037198;12,097496569163015
5123,8228658954995;46,92392094482856;5,658057344710816
7109,301102671043;41,43836721386534;12,373530450964275
1129,4611176256158;41,77122715626193;7,511536872999951
4568,003625675176;42,4930665001013;6,9340971764021635
2818,7735083892253;38,783942773160675;5,503459227067932
5363,62239413856;39,31369510593453;6,524313701909446
6835,6975043393995;42,61732630284972;11,274289964119603
3723,157514988894;33,67197944354428;22,313908079787154
7289,880871730295;42,40337104483531;16,44011296874809
5554,176482230411;55,01561647682966;16,83175546339102
6172,604406119776;39,243639347295044;-0,42070036445327474
6211,3793487556895;36,37802375829378;15,27270120982022
5592,864216787728;40,19394874586941;6,707769547916087
3595,567257750341;39,40090693282003;13,508353647722405
3912,9204403678714;44,1042430131544;2,578950551785761
4950,798006017572;34,962514064282274;13,509171083702263
4292,580118178313;36,66103541456327;6,316486933837253
5845,65301362411;40,241516353308306;4,323158444533238
1598,1090189171268;40,875189693685726;14,017133062741138
5513,980982134248;41,04157955998945;19,73569176487902
4853,049140069092;30,404701872549737;11,409076046009046
4639,633079573011;44,88325539531108;13,081733573897141
4855,544493261206;49,456590287889476;18,45054489158162
1708,4203393286894;42,13671925784175;1,201584026541159
6041,414254885218;33,3570264010482;9,529856474671046
5043,682098706843;39,26532837913999;2,321880863508823
8679,553174380348;33,21863688855258;7,589680098068338
6078,189769152773;38,165185587726434;8,593013915444288
5320,086933072214;40,959791345267696;19,56470684469354
3368,81571503585;46,91496231074305;10,89484944748386
3668,9871980881762;34,675942920268476;11,349194573275305
3589,5428154322626;38,64574813993515;7,621858506352169
7883,178087272903;53,8051317004635;9,708778605971618
3759,9542037653036;43,002244984266;13,052013374275353
2716,4542215868296;46,5558280089163;9,231174228393467
6383,036178663282;44,88301548350477;8,464211599848209
6309,444435342762;39,40669896426659;10,015710126700437
4849,175103404052;37,77554983967101;4,087380736308414
6410,6830382705775;34,51065047165372;0,7768886315476387
5412,407234417739;37,86824832263331;3,415042049644315
3089,7169049768245;38,62987848913681;10,739670053237809
8160,49501374152;39,46566517079959;6,730154581088131
1677,5641850655452;45,441576310222416;8,16957704490772
4486,567914887678;25,093139948523408;7,113707497896398
7200,245681939524;34,2270198778879;7,074649110573331
7955,436339126656;39,825898631937;8,53791600037347
3612,3612094470636;41,32599306336813;0,7573483240936003
4990,892877516081;37,98344095470155;9,255330909406439
3517,5622324960286;35,79461160122467;6,243638875151732
7233,15538932245;45,154850427216765;6,4234950516626705
5420,616342147603;42,01802138590073;15,389207873248989
4476,633705267867;40,822849218802034;13,115868639701784
5831,378851649107;37,50460410505824;1,5158105476537003
2686,638145914838;44,13526704375326;5,741504935718462
3113,7041728089534;24,368992610787416;5,387372828941781
5407,253549152096;41,37241005018339;14,616620483100343
6935,3427747518135;44,0506653851984;8,024977847278219
4630,189045557972;43,790804941735225;13,549676982917667
5513,718786918533;36,40936400519752;9,785329088761129
3454,3507567507268;33,095645698905315;6,751802078093342
7647,413327448854;37,46170002314888;8,407312435112743
6271,339286892493;40,419389389711455;0,6395456659833165
7002,01819350302;35,57330418264841;10,360635678507203
7512,099887025264;43,061641079131945;11,456028717763987
4644,6785240485515;39,18693104010152;8,608258490604308
4466,447809802559;41,33873031636444;13,024774879342624
1951,2550423250618;32,93673890142246;13,353046355107947
4335,747568647525;37,778794524458085;13,641988288603375
6007,165808197476;33,687491918339475;16,679644949248623
6626,541920922189;47,5164783294108;5,636248128399615
5414,702789618448;43,05511952402945;9,089760301432918
4826,677840554706;37,683042591000444;8,616755697954506
6482,559633174615;38,69328083781856;12,692743443463652
5616,9409830808845;49,35378752525871;3,7890449579524974
4059,4898923539668;43,38102588354584;6,755331488026632
4780,915614862922;38,05594579341645;5,5291518688026295
5409,396181172384;34,796521940045075;10,50733966468567
3351,584810271579;27,877313931942226;9,739503229021697
864,1042496057571;42,27620000633761;6,946979310103461
6134,2037584326945;37,90044143640257;-4,89872812729843
3525,847515086016;50,043747387640195;6,553812709029579
6366,2733886810365;43,19465361653974;-1,0345934110759387
5990,620296042113;38,42667205317778;7,836052003027957
4806,6013351275815;39,73424654449231;6,612600893109274
7742,018555744147;39,45934568579435;10,831274092452013
6013,941461353015;35,528815730827986;9,312777905924055
4472,066710242308;38,63998832924282;6,116855667354024
7432,289223087884;45,87208079031545;12,011898403773305
3367,6013222055726;37,42394449225084;0,8076927390048265
1209,2953949913767;32,47395446154718;6,331115291162718
4464,300422663274;33,01368759957232;-0,05240003459782727
6421,964845527005;39,74419858770975;5,65538751604031
5655,323043258208;39,79380333550355;9,752367355204479
4592,407214434967;38,822793175418994;3,278835647749081
6049,049570104809;33,62161531047991;10,301169388365931
3832,966771037487;40,88725095095925;1,1558270183143549
3220,446908016447;39,00575669817701;5,798477499105503
4162,444269428368;44,349097834316396;4,942348655362792
3896,0351117018818;42,07531170715087;19,517651992192135
3462,214799548615;34,06605292114572;3,5780112616630735
4754,164367757405;33,66689668161614;7,550553781629318
6876,568290882318;47,9327610379222;13,790860901105168
4524,11858052478;40,305493372265765;15,736078867877143
3618,5880239668977;39,114525960844155;3,1557251774399653
4193,2643406374855;37,07283997650479;13,040404321070339
4663,464447607007;37,80732605425054;7,349525950385978
5836,015226192087;40,0879810404389;6,952725599264612
6168,2559147824295;46,65731246574196;15,312062301392288
7649,848411264091;47,92037748003682;9,799250909418362
4152,782320717091;38,381681194068655;8,617894660869208
5761,035330722183;51,70560828157082;17,887796740992833
4718,362332494833;36,93221494895599;11,318410198048914
3495,3646328859504;44,62461860408223;16,335205861105557
5003,025223618553;38,88109270117152;15,923740517271558
1686,4043481733797;44,45560438779623;13,002404059201988
4412,043315561586;40,72578019372924;13,313802891739243
4866,059768284895;41,22407652081884;5,18439302936027
4584,788683756243;41,88806331450775;9,674082153540207
3892,5617109545638;50,14849514729519;11,982684436641494
5717,253034393877;43,16203827254418;16,123648902719715
4209,3153845003;41,794716076819306;2,0166912771306436
3715,2255318936122;42,24843787170508;5,419239591479215
4982,767064041299;38,470771809015694;20,284469267691282
4488,5478637711185;45,547042676436085;10,902098570871182
6383,055426625602;42,43640263220664;9,666453755093995
5682,235886522358;38,480745928738976;9,858230101066214
6665,7655637388125;32,71341391438639;12,424023755450305
3718,931164292265;35,397381638723836;14,086506205561182
4198,642871809817;43,41332572860692;14,476528789824453
4761,914618791935;38,22263539795673;6,187418666006713
5567,986462661912;41,963694549451404;17,18797179137203
7433,845776854632;38,094618687017764;15,987180060723901
1391,732185670553;31,468089309347803;6,675608322965184
3549,9092732753516;39,19872268504064;12,455665719965777
6058,656167568068;31,915146880295687;12,18089362998603
5325,315704587388;43,08131649940945;22,418127390118457
2219,139964906997;52,032932945206305;16,25437497305125
3031,866237704565;41,576012069602456;5,673876388632864
3252,01934738769;46,303947910551656;4,23808561123332
4193,8317408255225;41,655016419796354;-2,658823363054548
4257,283360241775;33,498894837948114;13,384005660398131
5915,9139086513815;42,763867752776115;5,882252832254965
7197,604887108515;36,17719917755771;9,991725696135951
5425,018029656835;31,98461946079619;8,53670983158377
5005,115037736748;41,413022210597276;1,4333217586051852
4309,759245399059;40,94212798522277;11,38756434472104
3938,381904383185;34,47372694611027;7,657939638533942
4757,016278434728;39,871873944678974;4,893813039406388
4443,389799895417;32,69114874894916;11,55553884878877
6828,660599670526;51,53465587326782;7,228143002202433
7220,962781724239;40,50705402693301;7,361474603886568
3369,6938355111806;37,05609777275756;10,467170114936154
1902,6939843915075;39,75885535384435;10,276818951509341
3631,3586386311977;43,80246348084706;10,919800386743443
2016,0703620305026;43,56303079986396;15,372177843594802
6342,719484892055;34,35558347361005;5,9555486602764605
6216,4492365528195;41,943811487347446;10,0885447944596
6194,556563430152;38,91208577319827;4,723122880097251
6143,955952125966;47,46201621203829;10,268627643184217
6004,854268618699;39,398055386565574;14,460023665309855
6964,991264596405;37,99574630542692;9,28158495870269
5266,891029486887;37,500567350484424;12,714432419263014
5597,015491772609;35,45365952416699;23,075903445288336
4666,455502923893;32,82577363465898;14,544610525011176
6113,043933353468;33,76796883828534;6,649462782678226
1391,358986122139;42,45291626918173;10,731494918116832
6113,809781417671;37,707561274155644;7,911249563409768
6160,971752508683;31,18778887232834;8,464127194533281
7710,515255231879;33,57562161305889;11,351590873685707
2923,000808021806;40,93461726266385;10,030727311194324
5282,0021929510385;48,340311750365196;9,792937438671773
4713,572985988699;47,42866770551065;16,260239196815178
2723,894314052357;33,45358976826478;7,07331383180831
6866,505650177005;37,999312050328264;10,091837201336647
5663,723302118907;36,548692035034236;8,058741634098118
6122,722762787605;38,57407887892037;15,508068521389873
2246,0639333090376;42,80584899519104;19,43711175570482
3355,769565963313;38,8877575822702;6,749817075908556
4219,826031745509;40,51295164012528;17,25527972966217
4283,941930747861;33,18376477122383;11,003108817993779
1817,9158433921316;37,24748418525047;10,537625767633697
3812,669697131141;44,7092851427514;12,055022630366452
4746,842978484275;42,083563255910974;11,100635095847405
4415,132124257751;47,79402575150429;5,220783186469838
5434,396841513439;37,6878600572564;9,635446233399877
4473,317708359382;38,239725779744205;8,899723057904101
2976,8280189492857;43,46186321716394;9,022060112764096
4860,464080390193;33,27020410079198;8,05583594224297
5554,485811200691;33,01610947855171;9,253866824282433
4410,821523321628;33,7384653378681;11,032454232476628
5226,883374415285;45,964974679848716;7,546392919838635
9417,476471497295;35,71076822829251;16,69026215923921
7443,226885922467;41,229902045405865;15,166743644188042
4480,372143154798;45,924468108298456;8,037782629930483
3471,850828413052;31,661914312813423;11,380941274455822
5201,993035016904;41,60951191032125;9,74999299229215
4788,941674178715;40,71294220885869;11,391718385707879
4608,534536362322;44,439013276333974;8,895577374814856
6225,57314714673;46,92195804338315;12,03804567496344
5110,630778403094;29,682346825006444;1,5658085690717893
5897,3195111350105;42,090655706674625;4,3385025227755305
5224,490449620359;31,609988479841356;7,754006141853018
9080,127814352203;54,32800823167986;1,8572009140054355
2579,3241530832283;36,62242524423155;9,626243101642228
7284,508228738418;33,93012677636897;5,04991398632825
1422,475654814898;31,382282209603133;7,48944810796054
6375,066364478432;39,942204795621585;9,915498214661893
3372,952027715107;33,58277071418736;13,308723942406761
5275,314268167796;43,3045758527172;12,60968658712639
7773,199235183369;39,42147976712292;10,355459914574123
5598,420680113462;41,50355356532301;9,483340820109245
6337,944974977305;35,19066304942949;9,379084028821243
6847,251016833743;43,394210484532884;12,525361554522462
4964,878801582332;42,053323946839285;18,73266198530204
3877,696471826983;43,845815413562484;5,307622289522022
5223,192901607794;30,698254019889134;8,974908967710798
5657,22223498029;38,69865842572371;2,7957667434480484
5575,481296528875;36,72259492855194;20,32997896532268
7323,703345886306;44,07564538225209;3,911770523324254
3910,124730642726;34,477613217811765;15,218455701192823
6462,793795520507;39,870777608404836;1,8160004058330461
3072,818741917479;36,576526304992036;5,844135978339844
8156,278099342473;43,71514421789498;10,191965502471279
5340,885596335461;40,46386763202905;2,836134442517091
3306,2505506154985;30,945836052627875;18,251106795303826
4578,002049808911;47,32117734198213;9,521466444271832
3890,8749496051196;50,54868481688362;21,114343631564306
1123,5183409056249;42,556512466324634;11,53841274922925
3235,0285500988653;44,607351699413904;1,3783888884995559
6456,802159251201;36,019441866674306;1,5240053046751143
3139,9666237217407;40,77892144055512;11,391513370000206
6017,856760947237;48,13245266595972;14,691506055037301
6170,902504997259;48,41987332126892;5,629485252950247
6396,515243021496;39,49111137143189;4,268959217476246
5346,204263777759;39,864998663951695;6,771154165718782
3571,719786532338;37,219513030705635;5,895634455192293
3414,5931333005537;38,32529010141591;15,7181463158837
5015,156723781622;42,15282234938544;17,062897089863345
6936,216647286045;38,42574150086354;11,402097899535686
6265,152753181606;42,66166647618007;1,5887490831952942
3452,8806932477273;42,40431792060639;7,8788199313279605
2927,4200814493074;43,18335033047674;13,302661775872242
4914,392310623816;45,9543657296009;9,834306900729976
5614,704122707083;46,09188680766971;9,80781252442207
6084,278569905965;39,5641145730864;5,941716338449072
4757,0875645881215;40,66585313159391;10,870915570833244
4830,806768585489;40,26632086451157;17,389186603759313
2959,193447265033;33,52760242950869;8,903557301751574
7543,976843862087;36,86452137762366;7,192744006037831
4847,127156531043;45,16604322411863;5,587374616064319
6628,618531217808;44,2057925233171;3,8287440073230545
4710,406488872958;34,40589437162145;15,676959587274592
5769,553784788133;44,55317684240383;14,268444910477967
5304,000183130135;52,317470217666504;13,309760817688804
6172,790234121781;46,527382087116315;10,970213898403287
4106,6037601061635;37,460754481221606;16,25992663290168
5290,860883342518;43,20082728424408;17,270176908817383
4630,822884025962;29,525486579497382;2,561544259848448
4557,063335696737;32,32049778669583;7,356861306978384
6653,738222920575;29,335302155894617;7,193189997134491
5662,866112285297;33,89290533738921;12,297096741151481
3232,2249437551013;39,744531329584035;12,30742523355767
4798,944374740622;36,86523115550322;5,792221014294104
4436,222369830466;44,54268838536342;-2,0237825363487403
5174,833236395052;31,149305853977776;2,5277243039693174
3294,524914755978;40,63556180508023;-1,0236427087643065
6458,442597790516;41,01267890538544;6,447650318656569
5254,926315114779;41,09693366194289;6,567479331602786
3275,356781321303;39,290236225081514;12,43592785005874
4163,352893533915;42,356293617107326;14,85166350237451
8648,833692869337;34,39183991693945;10,095825402013256
8045,0952379376085;41,17445052262541;10,15278717103326
5475,8270675237345;41,33035671080358;20,630195853499444
6563,082445371301;40,61060654310504;11,912701899728457
7095,504064791816;39,83020575891344;10,508881680674683
2920,9523961470195;37,94043831383804;16,21884825657607
6013,473994015273;41,198039997733005;10,420937966429637
4686,796624413642;42,225196777818965;10,130123191073329
5062,418492544733;40,72806896048411;8,018469101530961
4452,811134221137;40,89188286491626;11,03558067743701
2926,006624674844;35,60218637295486;7,55870030177892
5049,0713071899745;40,41458922813846;9,41572786047332
2404,9326464300607;41,11035464423603;5,3566913746053055
4081,9451952997474;38,70069810887525;15,530630253565654
6748,800630961542;46,48546195850909;8,772909094383213
6177,317330494945;31,74627162514954;9,682276989678872
4199,923478589249;43,05754850885515;3,3546713027831734
7055,288918825887;38,37342464866674;8,685977008590724
4090,401200547609;40,55851553167055;17,42021190112292
3636,98946922306;43,73963470315331;12,926421561430947
8427,327995406107;42,28587297648964;6,60377806470936
6032,458738893955;40,503808909818744;7,958568609387958
5993,595101056604;47,19176813896442;8,287346744370286
6333,344668573194;32,999055249513646;7,344700892143576
5816,560782604057;30,22639803986471;8,737102418131219
3910,2189173033585;36,20571722907741;16,196892850223367
3969,579808108165;40,59713114424826;6,919171389748803
5503,8640452564105;43,68205067440653;5,628062756616165
5732,7430158596;36,67064248279068;4,290590326009665
6382,280964520839;39,73944440099661;7,105685596327034
4835,549750030936;40,710074205087835;21,768871609720097
7771,9506276847205;33,99588096021754;16,695799037011334
3012,2697233001472;39,929356043585535;13,543178994789365
7895,203963558908;40,86140889110306;15,066656496907374
7104,935169425104;45,09251229061218;6,798517508213342
5490,364304309065;41,81277652055809;7,623888146804019
5460,368154417557;38,90359452868155;16,241691460606354
4632,294865773956;43,42670593095804;9,793886516501471
3774,528089001137;45,05482890593169;8,25287264648958
4325,460035200054;40,36019485106836;16,434735541569303
5609,7562785137;37,34114133414973;3,369046151657357
8361,039635816805;38,697554263960875;15,463126838750776
6328,162411010659;38,912846975334304;11,916776150242585
2839,7766686779214;44,930461632307605;6,54567894602253
3503,4042743190153;41,599871750046766;9,639281450540386
6410,647236932991;39,803390507275864;12,364739398373585
5041,520191596563;47,571104743380836;7,677406915989604
3455,41341003444;30,632935508969666;14,075843555432357
3561,2080298114734;35,71847062358529;6,274950864223217
3213,4294504130257;43,69710048685501;11,792717394050243
7633,273044524343;44,60999193601289;3,387496231077394
4931,308638041977;35,55453152817434;7,318766076538825
4976,934477595876;37,26684239617406;10,27836971191098
4486,393409829012;42,803824907987284;7,446759638542338
4096,306738044266;44,086403175103015;2,8989120707488336
2738,5843728953864;38,8267203751661;15,82969987865479
5475,23894978659;47,17794585319339;13,721439186272178
6948,455746369326;37,26589961354197;6,773385503420918
4484,322057373471;40,62381921771828;12,366757784757048
5540,091156730773;36,8586238321566;4,827748050660694
6721,139480071419;38,74375063959543;18,896987164059226
6241,489354623322;40,20279734244413;6,264837205952692
3807,706073723605;42,48344309997594;18,83371152626933
4517,771122864816;43,59632244098232;15,13781337497726
5224,920164117904;37,43909619034845;10,26102150924088
7537,258929434529;41,3934161579685;0,13016475089484913
6866,432442470961;51,63857725428747;4,442977902630484
4832,415434792984;48,662320665024254;8,37695100178728
2170,0999328463763;39,32247177866051;8,246982001550878
4902,0851319634285;44,70351468130235;8,144615532542703
3727,382352597987;48,892531277719;0,4912069336768372
6373,68993238091;50,32575464846434;20,29607686177786
3678,4761489531256;45,87494196030041;10,842819724075452
3984,9660977831527;40,32232696819449;10,21388437264778
5107,631008880615;41,67261546147995;3,22751097979363
4858,450673643367;38,62032640952458;12,637192756364225
3678,4773007477806;35,48065307135779;5,916882345996106
7270,887315965192;40,36896771829364;6,834188555818193
3402,0814662487887;48,572602040150116;9,911125636153983
396,18975850269;39,97526774224362;17,68800495596777
2414,968281815485;37,70959848436101;17,92017457849824
5321,808731333538;44,469658763157156;2,4633317860893076
4885,747153590463;32,19520539543171;10,332881410851629
2521,2600107368044;45,99880353434131;11,889806774421066
2211,3376849466467;33,21444162829724;14,510789909718067
5009,66699039685;41,07387588656917;10,089376616153306
7165,27986605658;43,020751586736964;9,469692986138025
5658,18400179795;37,58648566459873;14,748876479805645
3755,7293303787797;42,13156533065727;15,727868066255178
5668,440915968808;41,7902697232783;15,881107840005143
3755,353211655825;50,47800351080088;5,810679449257005
1573,0753477397284;38,6032890914105;7,46753418590115
5460,071346880879;31,890204532621382;7,497326054319862
5357,746366225998;38,64850531733247;10,371113204983374
6397,016148464487;45,01294045028478;12,71198897662556
6107,44142343809;43,50587851645091;13,359919651150577
4958,924679717468;40,86125565236946;11,977639939241246
6147,275254097003;39,11307468580245;10,964593734583774
3752,409359762571;43,8954975094028;9,791588084829392
2883,7142165546734;44,318000370701874;12,911532819666656
2302,5818017440865;34,97549479842877;12,037504119541019
3952,761767864871;43,161617247037356;14,67220177869789
5910,3529245310365;36,1809008662224;18,078430598366772
6275,280523869936;41,539612674626945;7,984665134570551
3723,6477792316587;38,35599295454047;7,292600492903258
5657,5504752547295;41,97315038848988;11,853407082140265
5937,269607965871;44,3924468987312;7,928315590075371
6310,917589525316;39,34667166560335;16,122514662754327
5571,0302587158485;55,47489755914042;1,1938295778798214
3554,823514730307;32,926711448003246;10,110421181296566
4842,002977735627;41,665686617767186;10,481830848640588
3424,273368162022;45,759557779201984;5,32826992068459
3174,0217863608777;39,358196314945225;-0,15263385750273883
7206,516179469871;36,529285964383355;6,819196597841421
6000,5875292001765;40,57355777724725;7,902442152651175
5038,6078826784205;39,86280380723596;13,558025699553756
3618,290020702614;31,353062507320683;13,053200085390937
4193,863078133252;51,65638520190751;8,677863553388889
4944,431695174622;48,27127187670939;12,105970142005376
6352,400751432582;31,183853432622815;4,446263570476102
5936,443482772904;30,29223780948754;6,7496142060045745
4992,477688752494;34,04630863459233;9,221705020836598
6257,5238514226585;39,97575323047569;19,23864951696244
4015,1454190335357;42,111209507771115;2,7120300184346675
7742,912505985743;40,17098829760657;12,272250442719631
5868,35287602051;47,606575979257606;12,68073461546308
1523,3253840246575;39,11697298181636;0,8377133626510176
4121,219521123993;41,12199822997248;10,214499929795837
4489,433879698874;43,641314695545745;12,836503300569618
7581,791047988723;40,57966099697299;8,093855006343736
4939,453211187287;32,922562547928806;10,793029129536698
4999,141947625438;41,58284155463532;6,283961685851429
6475,587646661987;44,391611182910324;-1,5017937577508036
6755,690751782627;34,21948565060113;-5,089391603699635
1917,4154336192496;42,7863244497954;7,903735653314982
5898,61248427074;47,50208001636216;11,836749357125445
3041,28427378342;35,744185321788805;8,110233809902335
4845,000486330114;37,03025335657256;11,848354922572156
4502,464727222773;34,03184924492581;13,833741733701892
6356,06797302646;43,40990370721944;15,6617345660027
9434,598150045504;39,84332637976382;10,856845338552311
2622,8614411226854;39,8567645624963;19,96015475476559
5745,644522163654;44,44449514107137;15,185564283752043
6898,495462672381;45,00937066483675;13,986300945645153
4726,964836070626;39,28737409169235;2,3258993249656275
4043,1441102322106;41,27841175930517;8,87981016369758
7646,302665386902;43,82612504843662;6,394176232153341
4469,717672752629;40,81566046417619;16,19560012786814
4414,302983256894;38,75068272028737;7,37440074331365
5122,885475457945;32,4957352231899;11,836160522073383
4255,932225465508;25,3633313763386;8,563068173556228
5960,150711408172;43,3036995773751;10,541527365652932
3270,0794080805777;40,66373894393584;8,197375955741101
3919,077129149614;42,96861962088302;10,356394901821766
4396,271003229471;40,562731549393156;14,899802023660492
6113,9885037461545;31,78123157865558;13,31212069080714
6004,159929866108;47,670743369039464;1,0910702106357473
7152,176504002041;50,642875404369846;4,575775708632647
4540,155895486119;34,60192106476871;12,752132362633946
5551,865953052543;38,56001020893945;7,916662282933577
6902,231438001625;28,542640973174542;18,0633013227369
5098,179065298952;35,877741247670684;8,975378185280752
6251,8531867369165;42,033072483904604;4,894452716398158
3326,5228928104316;43,073584342569085;11,727576044605133
6271,486503234775;37,40342549728149;7,341312248299285
5357,8568974353775;36,33716027321528;6,311467638742721
4304,618562958705;42,3058265478525;7,905663279497864
3281,3683862433013;37,86598439046132;14,260629034139978
4971,873738350296;34,078268841197364;11,409773096060675
5808,074088613885;39,45143218280959;14,225320276440799
5382,301984390969;34,16856960408721;4,859972431364321
4862,6342659496;46,664309955545185;14,877602320913212
6602,718381350513;32,53587508525152;9,685153329502747
6627,820207336824;38,8088507977497;6,914863558155316
3740,8873907919924;33,64429329470259;3,0428748884795205
4728,545409176187;34,65182336191896;15,937053335556527
4411,353977931363;43,488082174174465;10,683706758172221
5217,640686214508;41,962705170453894;12,230098179983763
4911,937314792594;46,21962911810722;3,69426656256333
6029,705112935088;38,21638336347281;10,193127498989528
3437,3481431196274;46,31547238053262;5,178815727377225
5444,511160513569;40,49114883745152;12,072568033617333
9426,193529516946;37,10648516742032;9,123890504063098
2112,397791276578;33,521732177438764;-2,8770882177503783
4784,964372293978;44,09448077597991;1,7298750856967686
3220,439642710157;42,32338290262193;9,825362084086953
5279,9983623872795;46,0311516061957;10,224479515658071
6439,195168878117;39,62242749131317;7,990508868520667
5476,172323179692;41,116970252961444;6,4099521060319535
7180,014752220985;40,10983810640308;9,602864250630187
5850,595714997799;38,868812044941976;4,903154848731626
6964,323383354282;44,002763214270644;10,23304433951002
5199,9495843379045;41,29167082050106;15,184503829055455
3550,5648982196826;40,0670839529343;7,922033400738975
5539,64772884557;35,21682096135585;6,887525969921082
5240,417320281852;43,05390052324425;11,181885272651462
5310,760351678136;38,35856149566481;20,174183095098893
6274,4556205111685;37,33679315388606;3,422464682911741
3918,544040082699;41,79016711218367;17,013779501945706
5178,403975198906;48,35708481846196;13,66164902002668
3868,2610039018145;47,115365054803696;16,167474369170286
6311,482532917637;37,168257692651274;16,829560134471365
3997,7474113779035;36,37089839477303;9,595794549712169
5507,509316096624;42,81737760149212;12,664496211235633
3216,303241862745;37,8218395688646;9,559155932014171
4968,913868290492;39,47723726153439;0,845407548294002
5540,145342484305;28,39363583745947;7,282724419434871
6623,5825155891525;38,92952817126643;13,119621383608893
5658,628211710572;42,717027128228935;14,124115690079275
6000,973416837186;37,31272948916826;7,317239546021677
4710,567915065719;38,09862332333728;3,7922300831804083
4932,287141667428;41,32736465052904;13,719136975396195
4313,604372001775;39,27284130240931;15,629083754381728
5403,053114826104;41,950373775372206;10,809987623881012
5812,119613200226;39,28536812965145;11,085734189739993
5840,549374103571;39,9294097631308;9,527397077481247
5695,134700091509;37,293538353744644;6,147318797815036
6946,709535271473;44,57670009766972;8,673728781069052
4653,635644579966;43,840556811270545;11,982210332866014
7568,2655402030105;40,508174003053234;4,877584901758768
5372,641480387414;44,04721050837317;17,435205362261932
3891,975445005195;40,00227821734225;9,202411579946096
5495,647500386518;38,86641325134289;-2,6102420655074994
4913,29135748786;46,4085866316285;14,19424623200228
4954,125816613043;39,63250298378335;3,8413824479847527
6411,940195131608;45,34817283855546;5,218797131731401
4102,276649118981;43,96007612122659;6,70933835827713
3529,4674638572715;41,698537900111205;8,972995079063352
5310,531181528046;43,16756581860782;10,432353509126884
4017,4671268147977;38,436550478969714;2,2661743097186173
5198,026220965053;41,82841225877364;9,916449947232532
6185,032815135204;41,61382986510846;10,487604083825824
2946,644064382654;39,330129867078064;1,8874762739007238
6407,072597396068;41,51268526450056;6,73406725013902
5727,097030691082;31,696692856854686;15,551894984733853
5365,009537528218;40,90636974626305;10,890490600489198
2853,9422041067774;38,42324837218297;17,06276016577639
3399,07669976173;34,963167732744935;13,329573690889845
3864,3677847622366;36,25788058134427;13,910907407798742
4287,484211036626;31,4165878668544;-0,3086960908630303
5121,153755134726;39,21397277672774;14,313951161251492
6943,52173152415;44,30947487751556;8,060707779279783
5795,124396844411;35,02195630534057;9,17361924500529
4363,047771601989;34,20891523861903;10,071050777686816
4098,880148813606;46,588147633117934;10,237811949025321
7065,480728405605;31,88349968911441;14,404399694087065
5621,016437537817;40,89947627422269;10,465365872726814
6541,642244039544;43,42929450625523;19,926789297446305
3762,707923431669;40,3014842846136;11,037673835219607
5385,666120765307;36,98059894202379;10,246176425185187
3935,465009734545;45,24456880741913;19,025698267810434
4771,996010083765;28,714160911725845;7,346401116408528
4065,664348919559;39,7078311331104;4,081502537842713
4789,85279566938;39,43056953410697;21,620526698692444
4708,541042258005;40,427775386892954;8,153040067113716
2947,82536469904;36,155627868698794;9,821922785794165
3254,0111627514007;33,72933636732724;18,603943449019624
5646,2355477529245;32,54854492502465;9,89042614250598
5200,8604086250125;40,647476948034246;4,585410118032964
3782,493498060334;40,46341579703748;2,1164963449704146
4207,582189873161;37,40590813649166;9,29538803383149
5694,200942718785;36,076369876153755;16,73893319718067
6969,855339069189;34,97853555018071;9,232534499398122
6249,762925591142;39,646252182812944;4,135709063805294
4697,161547478165;32,31501344712007;6,427599857751895
5139,966231913282;35,59423625315391;8,879373506542201
3485,0413339112956;35,47901214742556;11,77001899202218
5625,579083630237;43,520134239497615;9,423432368059048
5649,812141632127;45,99530142364729;5,367323797082783
4699,905279048391;49,18835427091945;10,842626010602478
4277,112804559854;46,63416790902169;6,761331067662363
5079,013392012232;39,13593037824179;7,180814023030206
5885,648226483175;39,374740779752145;10,524939958998111
5629,231531369483;32,36904311814997;9,579139518167686
7157,080801270684;30,948239155596482;7,46942527658237
4686,2494881401135;41,98770039281646;3,8116387497762636
5210,823872130022;48,74704421707403;3,848942654612979
6268,319217135206;48,619391222263594;8,790785234284748
4763,47064382549;33,359008639622076;9,76218970261898
6187,107933937534;40,95415900898531;11,735277289984953
5840,467602415221;35,72476042339753;6,046275161418421
5933,894921586707;40,71809920963358;10,414893471561822
4025,7318607318275;38,34585166839334;5,17376674519913
7408,660313633774;40,67355160694335;5,523234791751352
2815,226637189831;37,009028756061944;13,780645088153303
4761,129932965718;35,481921870700425;12,468600872516046
6417,910381006175;44,22425471970669;8,201675895009389
3273,601369698582;37,00786927807893;14,628341618534048
6779,351251931867;38,014186447802125;15,914016909375611
3615,198681697406;39,01069014425028;4,445514794825815
2769,7654167434675;33,71729272091699;13,06997845590073
6933,0602854580275;37,807412513647144;16,941144091670747
4244,029921079246;36,63723342994179;8,740999066796544
3605,964358972493;37,18041357628646;6,218044423802784
7117,12462379363;40,23018496123535;5,323884237743352
3042,7964776189815;30,464977901847156;14,696164459697663
4211,058908822355;42,29419716059492;12,730237420045787
5221,238854253698;37,519232757052144;14,801872986020154
4041,70593877501;42,66434112039965;5,255721915696968
4318,3095056455695;41,3794028882601;7,5093868264257715
7401,022752493149;45,332987143560096;7,986506229119221
7847,1616050032035;39,05145900213185;12,960229477624786
6942,8340793447;34,637080245862656;10,045282636237218
3984,423694728591;44,68183063464609;5,568390878606385
4948,53012868184;45,54236035987764;10,245499033550226
5063,661155203263;38,19515820502535;9,109264639792581
5089,049803585713;36,97790086392438;11,400338753080195
5168,7924337317345;43,654062238327214;5,146154285736733
5258,229561709152;38,55216997989349;16,943884430052744
5348,561434424452;44,607336162842145;6,961371773663229
6510,708678357566;45,968352506236116;8,87865027873285
6742,826586452279;40,71010420195205;19,664902607433362
8110,71588415633;44,95151903644789;5,543081749582534
2672,394724140256;45,12427317989562;10,093889172833979
5868,938833364857;43,909914858433154;16,50772411789975
2704,794845295727;32,422074176669014;16,859341388161212
3588,116925127313;39,39763397329846;12,739001645247594
7321,649339847144;38,67698276054824;4,752105541277181
4761,670001705753;37,609220352679976;-0,8544520474005459
4228,812965480408;33,71099126063246;16,5962256921596
4758,863308859765;35,56018984255788;5,48650864725229
5882,863296081426;44,41701794963697;2,994242665978942
6124,928218365189;41,84049883423622;20,22075543342142
3377,03342425094;38,272237539034634;-0,1165867889434189
5430,137171574465;39,45823507896916;9,95966025249083
3736,060720953178;44,1813180332564;1,8912163183306987
4330,034759736861;35,940685314384275;12,214516381895711
3925,097306793238;35,81170786066143;10,23667910292478
7272,784199266609;46,57643766668679;14,567901338421288
4455,418044236799;38,17738265631037;9,771862509122798
3057,1432121125376;49,96785335877689;10,144071624380754
5334,9695899015005;47,92439226157109;7,216928969634392
6053,443724848999;29,476686945710554;9,19893714049642
6949,698752660381;27,23440859894904;13,94721925404471
4672,11710223983;33,78666858871439;-1,717935761875328
4466,102881915582;41,0099332613285;5,531519663897825
6398,614662709917;38,4733412077295;6,83769564251639
3240,5426415538504;34,022066108435666;17,436951192523182
6304,848598685581;32,11048412542839;6,322363579406468
5527,296902918881;44,24956115594246;10,092627728710228
5802,109195415192;41,63795071117907;11,455294321606745
5876,50629009481;39,991652058230954;19,04416308346111
3643,325463300126;39,82218285339438;3,913749320359101
5306,627461904651;37,55374224870083;2,6247487125819324
3305,9582394913136;49,652491089670136;7,361718017086814
6608,945133164056;38,68677639956026;20,176272075738105
4126,5673495441815;44,12966152423497;12,289950883957067
6856,726850135864;36,78366494308956;10,265533695076723
5434,051653467542;35,855094572000226;10,940839511699014
3493,12448886644;38,98632710188526;5,936879562070619
3451,2014610093092;38,7106676234281;4,594764835835813
3648,392310534858;40,35407260340661;13,420581702353857
